0.0004999999999999999,0.28790756207154244,0.8145252641917187,0.1444997831424131
0.0006011322173087065,0.28914823190755473,0.8031261222434561,0.13997846574152356
0.0007227198853729631,0.2896880738809825,0.7989799309156145,0.14130803063042938
0.000868900414374687,0.29097160831412633,0.7707016775240864,0.1247728418382818
0.00104464806542702,0.2938708811652928,0.7634670129055247,0.12040329245752061
0.00125594321575479,0.3005377676719299,0.7274640011453777,0.10987284569143595
0.001509975860201008,0.30641391015893366,0.6735566251597115,0.08331400515342167
0.001815390273850507,0.3091799411869982,0.639873834820901,0.07516718148125046
0.00218257916120083,0.3138106841398582,0.6076589173590353,0.06652988313208356
0.002624037301248861,0.3200815843967697,0.5792661789969049,0.05639059761995012
0.003154786722400968,0.3239503361924207,0.5627099903213544,0.04707773349521614
0.003792887875145917,0.33138466030994596,0.5308011034035867,0.043985725142402524
0.004560054196779547,0.33065096976728864,0.5230578293566944,0.03761811882785999
0.005482390980715924,0.33422597244589514,0.5073394844598306,0.03650346400941468
0.006591283692782036,0.33951836051601914,0.4647939562044857,0.02608832512641017
0.00792446596230556,0.34091936005835466,0.4688153728501061,0.025997406865236605
0.00952730358981624,0.34402719395785936,0.4565817549511415,0.025633299296559192
0.01145433826383887,0.3524241898754337,0.417106361253327,0.018578553973201798
0.01377114351669083,0.3627407882000967,0.38505791246443827,0.014843369980134226
0.01655655607412955,0.361005051582791,0.3877133392304891,0.0181820328530473
0.01990535852767486,0.3685796992485092,0.36198240587251723,0.015933999737090282
0.02393150461613191,0.3773186928124918,0.3310015972949817,0.011414876596984841
0.02877199686685784,0.3944895573383815,0.27877512211509003,0.010483849834140142
0.03459154854594683,0.39352104854632103,0.3028359776385639,0.013153289110003165
0.04158818855513353,0.38531902826121933,0.3027095821241437,0.011310124692907816
0.04999999999999999,0.3829988927627278,0.27462677480073844,0.004556480933983942
0.05046264430383421,0.3840517852751867,0.2844939652310462,0.002482772383661746
0.05092956940270587,0.3862447276607575,0.2803761282056546,0.006147359802652416
0.05140081490632367,0.39177065609768236,0.2675171611553272,0.004581250335595717
0.05187642079090063,0.3921282317982558,0.2568252078426563,0.004657553619159027
0.05235642740254497,0.39260820512914013,0.2593971435606133,0.0063267263902039485
0.05284087546068292,0.3949445048862411,0.2565303655299864,0.0058684169250338356
0.05332980606151288,0.3913607589485162,0.26122000058856937,0.0019688738722547965
0.05382326068149174,0.3910210389734236,0.2850121308806564,0.007535393577926493
0.05432128118085327,0.394042000178939,0.2639523239759855,0.0046514689318599214
0.05482390980715924,0.39429562946586755,0.26619415404020164,0.007557314540418936
0.05533118919888331,0.39241463501742874,0.2760546650274972,0.015727550027741947
0.05584316238902803,0.3936053052779071,0.2565966707947533,0.01515950860025297
0.05635987280877549,0.3939547059740122,0.24568501110387753,0.014188492100186816
0.05688136429117151,0.3988708498625905,0.2281167987880496,0.01353630067838409
0.05740768107484414,0.3948670752339054,0.25018920671163575,0.012687048968226292
0.0579388678077563,0.3871794400142132,0.2544274336350323,0.005499047516461974
0.05847496955099352,0.3851847109089261,0.2758369602758534,0.009624769173148529
0.05901603178258648,0.38348565308314586,0.25542486598748637,0.004070229436516666
0.05956210040136875,0.3844866450772412,0.2519629361063156,0.003423904841355887
0.06011322173087065,0.3831548547462001,0.28118517406640775,0.0046031651110840215
0.06066944252324886,0.38573337736333463,0.2647353122555135,0.002823338062613574
0.06123080996325241,0.3880208714163531,0.2431236543814575,0.007284680389058282
0.0617973716722255,0.3896307071494504,0.2427117568749882,0.0031408051628585
0.06236917571214715,0.39219904864301286,0.2610323249958765,0.004302891681858935
0.06294627058970836,0.3889939029938606,0.2616145221023422,0.004491480871002182
0.06352870526042709,0.38959884114297466,0.2567760216934156,0.0028926680170961623
0.06411652913280105,0.39103788947029666,0.2550997630032688,0.007536677404399571
0.06470979207249927,0.3891995540348702,0.25787208052060184,0.005391215872359604
0.06530854440659205,0.3863753050676279,0.27058422011368743,0.006210535660594587
0.06591283692782036,0.3853119610540184,0.2838598255487674,0.006620630260974449
0.06652272089890456,0.3854736664367721,0.27747213685949235,0.004478046029451316
0.06713824805689317,0.38661920339073286,0.27857796741046065,0.004503990184248829
0.06775947061755182,0.38818240416773225,0.28303337031498144,0.007268717172562193
0.06838644127979245,0.39351740333159646,0.25758177611461647,0.002949460806357714
0.06901921323014425,0.3991922237111793,0.23632704429687512,0.004230157658950778
0.06965784014726517,0.3946748980488544,0.23288660072045916,0.002213050737959455
0.07030237620649567,0.388397145126542,0.25370307641452633,0.004532981597318563
0.07095287608445457,0.3881793410465003,0.25210501667331564,0.0025818885774303336
0.07160939496367719,0.38758990164285156,0.24759257845702318,0.005376925653478961
0.07227198853729638,0.38993475613503775,0.24269050459061764,0.0119485710744077
0.0729407130137674,0.39509726233747006,0.23572286265031828,0.008734373450434655
0.07361562512163591,0.4008950111842175,0.22352840805484925,0.012768908488268747
0.07429678211435033,0.39986098460253394,0.20994326216327436,0.00684337760004931
0.07498424177511866,0.4080057522328698,0.19688548125897304,0.00737469404779665
0.07567806242181042,0.4098348380904755,0.19609281306177867,0.007102591522601589
0.07637830291190362,0.4078253994662076,0.19503353104163507,0.00542372564551586
0.07708502264747795,0.403096813357503,0.2083368066641404,0.007136969124370236
0.07779828158025374,0.4026706199601968,0.20595563603559916,0.008703668777915334
0.07851814021667765,0.39978228620756756,0.2135444258057998,0.00740798402620909
0.0792446596230557,0.4044697021363843,0.2038448782163722,0.0041832304547385485
0.07997790143073338,0.40131763860896563,0.21144015813658612,0.005630575247809896
0.0807179278413243,0.4009409224935297,0.22304707708450144,0.0057492134662949
0.0814648016319861,0.4045437065134407,0.21401093570710553,0.005003163606634296
0.0822185861607466,0.406704463837979,0.21533754799802546,0.007646717983310049
0.0829793453718781,0.41055699977257665,0.20302660827070546,0.008118778085335288
0.0837471438013219,0.4120985304160067,0.18155965544620833,0.007827396597632444
0.0845220465821632,0.4117471758667993,0.18102258024529236,0.01129682013180159
0.0853041194501562,0.4152234325181559,0.19069079009055712,0.009238948542870842
0.0860934287493003,0.4130992856788102,0.18635124674211984,0.009312455321357598
0.0868900414374687,0.41590094329134336,0.1809330728358906,0.008011716875564234
0.087694025092088,0.41635436770394046,0.1773958530921565,0.008246063624664783
0.088505447915871,0.41600972479789383,0.182984455883902,0.007524933579309681
0.0893243787426025,0.4132455002813406,0.1833873482857449,0.010437696758027228
0.0901508870429785,0.41863205201969284,0.1675005980978682,0.013182027167956835
0.0909850429304991,0.4182525097565907,0.16974002569346563,0.012224723002815574
0.0918269171674173,0.4169627078832497,0.1823030161855705,0.01089915307131098
0.0926765811707406,0.41748616412329637,0.1786949019380721,0.011642964182221525
0.09353410701829,0.41722038221386587,0.17653794790223992,0.008479098171459191
0.0943995674548146,0.4221263224776843,0.157235729710678,0.013513850238271216
0.0952730358981623,0.4254713481139759,0.15001767228498158,0.014945460277345599
0.0961545864455079,0.42519215114558606,0.15774679958432167,0.014007255801183567
0.0970442938796389,0.425041178326643,0.16838829657658846,0.01493898304587609
0.0979422336752995,0.4248684926526633,0.1703347349916162,0.01854710359032455
0.098848482005593,0.4226950896435645,0.1807799117397566,0.010429056331809475
0.0997631157484439,0.42145154054939876,0.16750238133351705,0.013611587759639658
0.1006862124931194,0.41878008008542567,0.16452979578234586,0.013080937946541003
0.1016178505468111,0.41169699052047504,0.1892332980975433,0.008977628689299678
0.1025581089412782,0.41986124214569026,0.18811882636271487,0.017040845259351803
0.1035070674395521,0.42029521789814306,0.1681748774200807,0.011802891020709416
0.1044648065427019,0.4173095876493788,0.19237628176222338,0.011817398134025096
0.1054314074966644,0.42477627052599143,0.16512480653556272,0.011660434434918703
0.1064069522991355,0.42706182207298277,0.14916749459876893,0.016823626911957226
0.1073915237065267,0.42571470219318114,0.1392641682510139,0.026201470102521683
0.1083852052409847,0.419975428283679,0.14649448947546456,0.01631858128676667
0.1093880811974776,0.4199126211088238,0.1534832508929107,0.022716788054709385
0.110400236650945,0.4145804196739548,0.15645590674086024,0.01859649180056741
0.1114217574635152,0.4137468182137838,0.16242851070420056,0.01654908190196111
0.112452730291789,0.4073100132697803,0.19002001740824392,0.0053202786960187855
0.113493242594191,0.40635720242358725,0.19462355246852026,0.009834496954615878
0.1145433826383886,0.4028752691168218,0.20016910489583345,0.00536055183068633
0.1156032395087797,0.40919859381028745,0.16963786511366247,0.014158788377229774
0.1166729031140501,0.40936275600802163,0.17277877607587644,0.008090908593191486
0.1177524641948005,0.3986529946753144,0.21040089242420087,0.004751328841628872
0.1188420143312438,0.3940119103487403,0.20989672433621065,0.009930070935311336
0.1199416459509745,0.3924404142256832,0.19965773168734552,0.008343701372601525
0.1210514523368089,0.40764232365105485,0.16415860971783242,0.016020503834602653
0.1221715276346985,0.40593345282102844,0.1770777612394655,0.010661803650539934
0.123301966861717,0.41315487977723825,0.1658639883416904,0.013259346822207575
0.1244428659141195,0.4065395446362106,0.19068773978085307,0.015456277628727168
0.1255943215754789,0.41084402902898853,0.17280329216656323,0.012711561778134364
0.1267564315248954,0.4123483477789141,0.17137750689647868,0.010346773945313019
0.1279292943452823,0.4110773330079794,0.17336087605404604,0.013178761712205271
0.1291130095317298,0.41287626028028757,0.18503814607439034,0.009808362606282543
0.1303076774999447,0.4089221267112728,0.19881903348916735,0.005747060806082685
0.1315133995947691,0.41063544430424787,0.18400242265925032,0.01046987847892366
0.1327302780987769,0.41411219954877393,0.17166595160792947,0.012118867066984364
0.1339584162409516,0.42407583409673355,0.15820161933206417,0.012012704223201498
0.1351979182054422,0.4299758304888362,0.1397960838315511,0.02315941816473835
0.136448889140402,0.42720999410017524,0.14022407489676428,0.02447222986844145
0.1377114351669083,0.4304282116649314,0.12961430127962645,0.02145171934176398
0.1389856633879644,0.4384527994171769,0.11748405208248006,0.023685711321204506
0.1402716818975856,0.4399813104114144,0.11827388244198102,0.029689483811747158
0.141569599789969,0.4456878293125453,0.09741593851546808,0.0340605365344304
0.1428795271687473,0.44203736766956053,0.1192486284528638,0.02971951944783994
0.1442015751563303,0.4378946047772786,0.12356204958622638,0.026012573655596227
0.1455358559033303,0.4450461654723982,0.10805841632888685,0.030223253358770116
0.1468824825980765,0.4382662917640599,0.11254237446007355,0.029933215895611792
0.1482415694762171,0.4442693592312631,0.10814813432241022,0.029050899947364928
0.1496132318304094,0.4400542525631655,0.10294670433206693,0.027009844383588735
0.1509975860201008,0.44849530971075685,0.10136683357000718,0.032903781080882974
0.1523947494813991,0.44164844815954607,0.11523854978763765,0.033104469062942975
0.1538048407370353,0.44344163452199514,0.1096261726707361,0.03191781497741245
0.1552279794064177,0.4522992622010592,0.0955979619420472,0.03524609259992832
0.1566642862157793,0.45399536336553253,0.09118038251582167,0.03542614349137506
0.158113883008419,0.45402037789561994,0.0998951581053705,0.04012305499574819
0.159576892755038,0.4525808218640907,0.09200947728441854,0.031740270306564594
0.1610534395641717,0.45398805669393705,0.09908958301044571,0.03318537682081947
0.1625436486927171,0.4516667827686754,0.08940149515270884,0.03605612949597971
0.1640476465565594,0.4504155990185322,0.08939858558838014,0.03505959131598913
0.1655655607412955,0.44502916396922004,0.10520175699053999,0.03184140743694121
0.1670975200130571,0.43753103937735127,0.10346693795718341,0.0291278662666793
0.1686436543294343,0.4474624533291361,0.10102894990888427,0.03568225762230844
0.1702040948505004,0.44834684825993665,0.09906812965722618,0.031707498279841304
0.1717789739499373,0.4459523559007581,0.1009444589380554,0.031105661435410076
0.1733684252262658,0.45299692543203524,0.08712414981165303,0.03535616236343613
0.1749725835141786,0.4446683505489975,0.08423547610159188,0.04101725367126803
0.1765915848959784,0.43571265244332363,0.11117412874523742,0.03247484699022679
0.178225566713122,0.4514370751414889,0.0753825218469694,0.048385551061628576
0.1798746675778712,0.45146561625960924,0.08246133388743271,0.04152902155639021
0.1815390273850506,0.43084864175816046,0.10616453498697254,0.03581665723320107
0.1832187873239166,0.4416434414519805,0.09873994708390155,0.03042524787763059
0.184914089890133,0.447464253704479,0.09486207983016895,0.03651800939883971
0.1866250788978602,0.44804086748959543,0.10587506294024945,0.03088009242540997
0.1883518994919543,0.4440008386635282,0.10485280111610608,0.02760538255697871
0.1900946981602806,0.4436684611314495,0.09895587506607176,0.03952668348126574
0.1918536227461393,0.4398127283177844,0.1146893024978882,0.022332524802734115
0.1936288224608085,0.43582887668909465,0.1198674979763494,0.025809242661845755
0.195420447896201,0.4424282383046341,0.09292425710547059,0.03766195816674535
0.1972286510376392,0.4414278686060492,0.09820970350972137,0.03345271265212443
0.1990535852767486,0.4438908095522089,0.10173746497197315,0.03897184299599875
0.20089540542447,0.45265500813130943,0.08389481894503198,0.0401223746873878
0.2027542677241919,0.45080909600307734,0.08133283270006576,0.03911272056040176
0.2046303298650054,0.450210809560632,0.0877711286565874,0.0410446629445166
0.2065237509950807,0.4635320044648726,0.07348029855466331,0.04837929355049175
0.2084346917351677,0.4571975353385287,0.07622134316013587,0.0416183751371585
0.210363314192222,0.4526605596484063,0.08409697042949826,0.04172000990224035
0.2123097819731564,0.4683511145618992,0.05701406660665288,0.06283379623214719
0.2142742601987197,0.46819953078236937,0.0601908116527462,0.05899536539044892
0.2162569155175043,0.4672804678593686,0.06596495096234885,0.050371857667652925
0.218257916120083,0.4682237755704005,0.05748138648542361,0.06088649905419104
0.2202774317532766,0.4664823057876104,0.07177568036582384,0.05261884746572519
0.2223156337345543,0.4664319036576936,0.06413895857732557,0.05247448675887864
0.2243726949665661,0.46966674933929564,0.04794044424374365,0.07017161262847074
0.2264487899518103,0.48343024419489095,0.04882492862082694,0.07351194369623518
0.2285440948074375,0.4669737422334702,0.04996189927764148,0.06700436046725684
0.2306587872801896,0.47040793320904556,0.05627235981985895,0.07131731550853981
0.2327930467614794,0.4822386910516278,0.05412398809039126,0.06939371682055509
0.2349470543026077,0.48009107706994886,0.045477927707735205,0.06941207725595785
0.2371209926301223,0.4839132800950631,0.0397813936141241,0.08592327107937928
0.2393150461613191,0.4774012245261771,0.043239658118001345,0.07200998440287745
0.2415294010198862,0.47415455779960897,0.04231457434143114,0.0737380554031728
0.2437642450516931,0.4842336781370032,0.02898896355573123,0.09279813353722485
0.2460197678407254,0.49297883676494103,0.027274203812953937,0.0903661044391551
0.248296160725168,0.49442414377442717,0.02638474132473019,0.09480772751724226
0.2505936168136361,0.47878585914195754,0.04294203208867947,0.07728281524131016
0.252912331001557,0.4879542378233608,0.03926113604472828,0.09021576409711482
0.255252499987703,0.48835292062443203,0.027291735523551644,0.09225376280994615
0.2576143222908781,0.4929121178832154,0.02659447364054053,0.09238799927729098
0.259997998266758,0.49571651934766137,0.0263361668239981,0.10525439800301821
0.2624037301248863,0.49960192604637604,0.02622191189492403,0.09747049056714836
0.2648317219458288,0.4953439055108849,0.027440042919729027,0.0952389935501011
0.2672821796984858,0.4944857750491753,0.019495242464263138,0.10395834177334609
0.2697553112575637,0.48108132366877554,0.037768161882324625,0.08134704161974679
0.2722513264212105,0.48083295242444046,0.0410100490331622,0.08094845370526585
0.2747704369288121,0.4872876979655433,0.026665154059598115,0.09210489183466503
0.2773128564789553,0.48940995938650783,0.022671670814953096,0.09982657676943597
0.2798788007475549,0.4892377797545149,0.03824632721340811,0.08829845945092482
0.2824684874061511,0.4853021449856078,0.03460682227666857,0.08426950228341772
0.2850821361403737,0.48972110583903966,0.030762811400357803,0.10273702856047834
0.2877199686685783,0.48426593882525826,0.027167447802704456,0.10636401373180834
0.2903822087606559,0.4727820760422241,0.043546608784343216,0.07829564699479957
0.2930690822570143,0.4894308591731523,0.02844230226777668,0.09280000183947346
0.2957808170877368,0.48346393939956206,0.035183441597058815,0.08721445254181073
0.2985176432919183,0.48099722770345366,0.040187998732071156,0.08278014991896934
0.3012797930371788,0.4699747858681075,0.04826764109304989,0.06826980396116232
0.3040675006393588,0.49300688580723123,0.02533849990414888,0.09710497904233462
0.3068810025823969,0.49259868778044147,0.03091560687546678,0.09289134810179203
0.3097205375383907,0.4882563060545516,0.028577176042326194,0.087828974147627
0.3125863463878427,0.49281205495304015,0.025961156345372327,0.09371448827417678
0.3154786722400964,0.49600179929858945,0.01953776729079565,0.11940847269334344
0.3183977604539578,0.495207593801999,0.026653548503657302,0.10114807852094891
0.3213438586585097,0.4996275838252345,0.01701110637677508,0.11588330697324745
0.324317216774119,0.49860150454992525,0.025235434217532188,0.10567721362756799
0.3273180870336374,0.494882163734444,0.026233259273193074,0.09430694885471554
0.3303467240037979,0.48492295437605615,0.033753750787567094,0.08647424001067833
0.3334033846068109,0.48755511250850364,0.0291401415543137,0.10073698988196737
0.3364883281421588,0.4943627276865951,0.028835447843519935,0.10181207973007017
0.3396018163085921,0.4967460338718314,0.036945868349999265,0.11528768600217076
0.3427441132263306,0.48951589535050627,0.03439718888911002,0.08989709161864665
0.3459154854594682,0.4885172897845788,0.031457913757998404,0.0882183639514868
0.3491162020385856,0.5003995207097938,0.01995745808088304,0.11093183770405737
0.3523465344835733,0.5068926092562299,0.012310263590317429,0.12707900016375756
0.3556067568266644,0.5195675186505927,0.00866147901555419,0.14218381992639784
0.3588971456356807,0.5154800768848492,0.01571005865919109,0.15064337099542197
0.3622179800374949,0.514729167703391,0.010442707463994918,0.12784836515703557
0.3655695417417086,0.5181637259516739,0.007786388984944759,0.14919421517223289
0.3689521150645503,0.5204588277945559,0.01755326668941142,0.14263634611479095
0.3723659869529944,0.5205207684064849,0.016763792610252893,0.14684260618510242
0.3758114470091027,0.5108085209349631,0.020423781156447274,0.12038932696448149
0.3792887875145917,0.5021851794179075,0.018818237962252238,0.11696401065916676
0.3827983034556279,0.4905366596898274,0.02736056234407406,0.10462705336696827
0.3863402925478511,0.5010985235030221,0.011265092356331219,0.1265974260633041
0.3899150552616293,0.5043334802267113,0.018848390849336066,0.11494072176828501
0.3935228948475491,0.5010730501809548,0.019776525155454937,0.11981873250734051
0.3971641173621407,0.5141790849960496,0.01288210454843728,0.12280893127554211
0.4008390316938396,0.5108355604470971,0.011650909993883463,0.13336160946816897
0.404547949589191,0.5031740008115625,0.017667188883995488,0.11951845824430939
0.408291185679296,0.4984502762535496,0.022720662794405946,0.10688220898417188
0.412069057506501,0.4944212319968593,0.021990482339411782,0.10771333608698556
0.4158818855513353,0.5021484030008049,0.0174974389876583,0.11619066855140023
0.4197299932596986,0.5153464344871544,0.010556606985684627,0.14574699800008992
0.4236137070702981,0.5167108618398613,0.016841633224456577,0.13385806487724308
0.4275333564423415,0.5132527129016863,0.006794925628373347,0.14343656448402772
0.4314892738834851,0.5105095277037259,0.008379411635024855,0.14015297440618235
0.43548179497804,0.522015570945985,0.012182000883282047,0.16846027439998779
0.4395112584154419,0.5103563921414587,0.022180397237302564,0.12279754469818999
0.4435780060189805,0.5155676825734994,0.011028799440527304,0.1290484297950496
0.4476823827747966,0.519878877124532,0.01496423903741707,0.1276073152538334
0.4518247368611506,0.5302936571339266,0.004656669494220483,0.16106090558512093
0.4560054196779549,0.5168027411404332,0.006954177970382169,0.15145331326739345
0.4602247858765854,0.509175786755372,0.010994496032901833,0.12696264066511806
0.4644831933899681,0.5088005404744024,0.00922937130014044,0.13855764427681888
0.46878100346294,0.5162323470593538,0.01637407471282299,0.1366021543764096
0.4731185806828962,0.5137572987909975,0.008661276761208873,0.14685523602958797
0.4774962930107177,0.5068476381815447,0.010064578064337519,0.1519234286568212
0.4819145118119852,0.5135362926684507,0.0073319950673084375,0.13841550015917017
0.4863736118884822,0.5040667628752434,0.01649958485759264,0.11577834346570628
0.490873971509992,0.506803067199991,0.014662820269568527,0.12349495227872802
0.4954159724463834,0.5145665623653324,0.015490344832768572,0.13376680654736517
0.4999999999999996,0.5150887890900557,0.015039101590650833,0.1354880220823204
0.504626443038342,0.5276224096756498,0.005310505546339727,0.16111106034247918
0.509295694027058,0.5191158307721259,0.008381187046629575,0.1400053965622246
0.5140081490632364,0.5277255862775946,0.012200160771837375,0.1428712939468803
0.5187642079090063,0.5296950462404713,0.013584461039233171,0.15860407112909608
0.5235642740254496,0.5222991923091765,0.009896548681581258,0.14875922638408354
0.5284087546068291,0.5210945457880131,0.006732539513178724,0.15066882302058165
0.5332980606151289,0.5134730105452641,0.00833261980078516,0.15456407422924895
0.5382326068149172,0.5142732757011435,0.0072304817731265805,0.15752233844808555
0.5432128118085324,0.5235391447762962,0.005009808631082059,0.16465177829559935
0.5482390980715923,0.5275080382251702,0.007148893491113743,0.15792897722669702
0.5533118919888329,0.5268083007153714,0.015688882730680354,0.14752747554117873
0.5584316238902803,0.5415482018954103,0.00704313229268249,0.18697085143390957
0.5635987280877551,0.5284361838628859,0.01366693530094194,0.1420930407965803
0.5688136429117151,0.5266301883984646,0.009255460674131289,0.16419774267589435
0.5740768107484411,0.5191153231134708,0.0075997640342089605,0.13721485427047997
0.5793886780775627,0.5196158546475849,0.01146068882635492,0.14046830606741573
0.5847496955099352,0.5168195572011064,0.010330096710178621,0.1349512662464668
0.5901603178258645,0.5136765438198346,0.011870963611004648,0.14832630709604677
0.5956210040136872,0.5129691904798835,0.010559182343237737,0.13329837419472457
0.6011322173087064,0.51036677107717,0.013220054092808187,0.1520434034992832
0.6066944252324883,0.5115375450219436,0.011514368989573136,0.14476606388466673
0.6123080996325242,0.5283928625459465,0.005038119297286564,0.17064926802837538
0.6179737167222551,0.5453940322070152,0.009639704534740636,0.21646703760213987
0.6236917571214712,0.5445937353334445,0.004155899064857041,0.19254092756302
0.6294627058970833,0.5440471534823028,0.008179401196759566,0.18651423254160018
0.6352870526042707,0.5397885306934721,0.004058005990856546,0.1815517725110895
0.6411652913280105,0.5250748097435224,0.0043644687265408134,0.170419700187532
0.6470979207249927,0.521883279509648,0.005702586307085731,0.17023208872135148
0.6530854440659205,0.5285075587435957,0.0029736123179777705,0.16986814567601397
0.6591283692782031,0.5395804020530719,0.003959228398581871,0.19481788011743367
0.6652272089890453,0.5348458243837997,0.008163789120344808,0.183447329405617
0.6713824805689317,0.5350902124869408,0.0022764001336094204,0.17633113273203527
0.6775947061755176,0.5346583510368169,0.004191796326658486,0.17438994082547415
0.6838644127979244,0.5369560470521357,0.007866248285555356,0.17906165053271667
0.6901921323014422,0.5301395299546052,0.0042527785583371565,0.17333764517325606
0.6965784014726512,0.5277056805015492,0.007633745509343649,0.163027989813137
0.7030237620649569,0.5316174753167513,0.007217515013204284,0.16801010208738115
0.709528760844546,0.5259989334523302,0.007227046819025723,0.15189306767382152
0.7160939496367716,0.5287778993584095,0.003210943204253483,0.16736590984545932
0.7227198853729635,0.5200218575611263,0.005043956419036891,0.1476861961078099
0.729407130137674,0.5150903412215544,0.010092293612201382,0.15682381029401765
0.736156251216359,0.5258217831525391,0.013897400905810353,0.1886945581777566
0.7429678211435032,0.5252907745807233,0.01200597144907162,0.16367110675328717
0.7498424177511861,0.5261013988824371,0.007720097752236293,0.1879423763229764
0.7567806242181037,0.5153597945653854,0.011327896420905523,0.1591631057280239
0.7637830291190361,0.5157247768459344,0.010563729100217464,0.15749887187553463
0.7708502264747791,0.5253194114998297,0.0034077231917672528,0.17126133866761484
0.7779828158025368,0.5237172816538578,0.005652795813989652,0.16508779063943166
0.785181402166776,0.5261709173155505,0.006438850415130497,0.1667369082886102
0.7924465962305561,0.5345460307906611,0.005582222707004997,0.17739147597133384
0.799779014307334,0.5311302621504392,0.0038248103751248094,0.1683587441206998
0.807179278413243,0.5329840954234141,0.009857628189418675,0.1785510440650082
0.814648016319861,0.5255411616042378,0.010321472429207605,0.1710998608950981
0.822185861607466,0.5181999285978847,0.013446651569814089,0.1495904102081616
0.82979345371878,0.5168336796348527,0.011483804758935675,0.14397716597973279
0.837471438013218,0.5180482946553536,0.012939186438730488,0.14192333505772114
0.845220465821632,0.5192756972984768,0.016076467219818993,0.1312160072790635
0.853041194501562,0.5311117909126667,0.006932756851169801,0.16773234024563288
0.860934287493003,0.5341536894772062,0.0058449896565698,0.18116657781544473
0.868900414374687,0.5277050866380663,0.00754022339622812,0.15468327367910462
0.87694025092088,0.5324456344204171,0.006934739649615388,0.16337195298861334
0.88505447915871,0.53193704358083,0.004794455341329511,0.16633066600796673
0.893243787426025,0.5319021886471017,0.009777100305875058,0.15839490390144928
0.901508870429784,0.5273094867088142,0.005298796261117011,0.16062628758621797
0.909850429304991,0.5157356042638773,0.013923892668392585,0.14367008218325733
0.918269171674173,0.5248006077905176,0.010413109607137032,0.16626030072789533
0.926765811707405,0.5220448917766635,0.006787627514419057,0.163736855956505
0.9353410701829,0.5210748433915948,0.009719339034444753,0.1720348397355133
0.943995674548147,0.5244237134193064,0.014184482398926897,0.19254025301167088
0.952730358981623,0.521404396975455,0.006881863597198112,0.16261812934875275
0.961545864455079,0.5183048661414333,0.008338967035111448,0.14873238497805405
0.970442938796389,0.5186112474431109,0.005734819179563134,0.16572223702625982
0.979422336752995,0.5251254770965179,0.004303195048777169,0.18555730672162618
0.98848482005593,0.5251049546745888,0.004714651515446332,0.18295612662696148
0.997631157484439,0.5207633124349106,0.005838537449556487,0.15789181390407686
1.006862124931194,0.5163164604574974,0.008429928195023632,0.1512939296096172
1.01617850546811,0.5183386391620158,0.007904159223243928,0.14579956759760176
1.025581089412782,0.5098458296596535,0.0104147322638046,0.1294861940244766
1.03507067439552,0.5083427032655338,0.019158794986340523,0.13180351803074766
1.044648065427019,0.5103413998744756,0.01707494038418602,0.12346627295456
1.054314074966644,0.5079722926781448,0.017358182668002996,0.12337402738777872
1.064069522991355,0.5140275147952855,0.00889582788896483,0.13187391905491033
1.073915237065266,0.5195620857627811,0.007985284609288386,0.14926946021304288
1.083852052409847,0.5253444404532361,0.010907054235494585,0.14805066965001223
1.093880811974776,0.5263072378164959,0.004694195636008836,0.15576876649520927
1.104002366509449,0.5271088635572022,0.0028631988336474297,0.16445567713660503
1.114217574635152,0.5269751467063208,0.007324837450841608,0.1659574023241574
1.12452730291789,0.5254119145209687,0.010326988665760949,0.14967721703039388
1.13493242594191,0.5280535474840573,0.009186701433061877,0.15578868816078728
1.145433826383886,0.5288806343863476,0.005190382066890726,0.17390172900214407
1.156032395087797,0.5228757294206553,0.005166880369864492,0.1585654935211151
1.1667290311405,0.52270602411716,0.010108724534723083,0.16718420079115515
1.177524641948004,0.5264003603121212,0.00827583818630939,0.16843529677337174
1.188420143312438,0.5272462185011548,0.005994169088515761,0.16575663074802482
1.199416459509745,0.5322550309466925,0.006444506993855073,0.17643761051330645
1.210514523368089,0.5299377450774102,0.004110454233097744,0.18890771347823954
1.221715276346985,0.5372402031213104,0.01190750974961834,0.19267991556799796
1.233019668617169,0.5436160865933419,0.002751480928651924,0.18693412278763105
1.244428659141195,0.5483683598903623,0.00822211782492224,0.21211630632241862
1.25594321575479,0.5489061380075136,0.006244374248725194,0.21145838338286654
1.267564315248953,0.5485622384759044,0.01187054503330448,0.20919365403284823
1.279292943452822,0.5423932985262654,0.005274464688347837,0.18700867168165472
1.291130095317298,0.5350836795503685,0.004730090087184401,0.16585937793527541
1.303076774999447,0.5324638189844927,0.0039876133660570546,0.16874927358064334
1.315133995947691,0.5327536921203881,0.008966403016927995,0.17935414360521304
1.327302780987769,0.5360019656133678,0.0049514933365114935,0.17030832869887963
1.339584162409515,0.5321458736064685,0.009756899907172174,0.15529022228595735
1.351979182054422,0.5222037413879762,0.008263994572992329,0.15178228676090474
1.364488891404019,0.5146602663699377,0.0058068553432755465,0.14432846824725873
1.377114351669082,0.5127118420319164,0.00713723136843953,0.1473928707849112
1.389856633879644,0.5139197283321797,0.008365350735564991,0.1437259338701139
1.402716818975856,0.5151628450060204,0.006929200025558156,0.14755015717344117
1.415695997899689,0.5193634098557256,0.006690912105246374,0.14611012951549643
1.428795271687473,0.5227699892904958,0.007611550632693882,0.15043935380883094
1.442015751563302,0.5252065963956665,0.010210790431923411,0.1472786972465494
1.455358559033302,0.5304684374462199,0.008654359008523953,0.16187995890208498
1.468824825980765,0.5344074110281843,0.007180486576404899,0.17567768149921026
1.48241569476217,0.5322730005246532,0.006194448289726914,0.17800050664433598
1.496132318304094,0.5275759286746217,0.006269643314231008,0.1639155773368754
1.509975860201007,0.5246777494451871,0.009286121505454905,0.1489443494045562
1.523947494813991,0.5183547897707993,0.009017307605975466,0.14013017417010115
1.538048407370353,0.5172390858886879,0.007268405056172031,0.13968568096228312
1.552279794064177,0.521221310971083,0.006900237282309873,0.15139228742640623
1.566642862157792,0.5263359758675493,0.011276021793650916,0.16159243379839214
1.581138830084189,0.5334029931755983,0.003156631482385773,0.1693019812061881
1.59576892755038,0.5383561314084675,0.005215103233355868,0.1805664314770456
1.610534395641716,0.538548041714909,0.007115560337413099,0.17265753932619643
1.625436486927171,0.5383101744955066,0.007378109455103341,0.1811937136840661
1.640476465565594,0.5348719548392044,0.0056655009744184335,0.17573040004078072
1.655655607412954,0.5330424618735777,0.005562692781305934,0.17262813327289364
1.670975200130571,0.5295213548971662,0.008744274366044871,0.19129444968738413
1.686436543294343,0.529146244662688,0.010893041694704793,0.1936392832951809
1.702040948505003,0.5275606033502113,0.005845329722565181,0.17912197056266338
1.717789739499373,0.529447492315339,0.002154936602597463,0.17167054329990483
1.733684252262657,0.5318347322242619,0.008203910039649563,0.18973166509166206
1.749725835141785,0.5255086932233294,0.004550770779599079,0.1772155562762636
1.765915848959784,0.5209020389865167,0.008451317895918272,0.17461441390291485
1.78225566713122,0.5246201811293355,0.006918519323733611,0.17758914104265222
1.79874667577871,0.5231381925797145,0.007469719330985622,0.17555347358163018
1.815390273850506,0.5227473690834955,0.008954054032221222,0.1757686040099384
1.832187873239165,0.523386441672546,0.007319332683162302,0.16693284511517595
1.84914089890133,0.5264051733002331,0.009205722348146532,0.1588795489256704
1.866250788978602,0.5232733584482737,0.004947043884456222,0.15026338931385946
1.883518994919543,0.520991451574233,0.006570019424075847,0.14965754352031113
1.900946981602805,0.5204722107471558,0.0053777295493873355,0.14911995342807624
1.918536227461393,0.5238861412125064,0.009395919581205218,0.15567435993400724
1.936288224608085,0.5277211239096856,0.006942626995535564,0.16427970807972786
1.954204478962009,0.5310313249017099,0.008425724324342798,0.1798028965753893
1.972286510376392,0.5303364909644064,0.010891899510059169,0.18440065347943596
1.990535852767485,0.5321903543110152,0.0050890133086080695,0.17517397220297048
2.008954054244698,0.5298771788605533,0.002941115164963112,0.17042674729602908
2.027542677241919,0.5240080558621604,0.0063592283832421305,0.1722163718574524
2.046303298650054,0.5185990936666914,0.005418850138790149,0.16604851699620932
2.065237509950805,0.5165492688626353,0.008864192454594286,0.15789192461550922
2.084346917351677,0.5174404965053095,0.011584405002394531,0.13957241384111907
2.10363314192222,0.5209529515663603,0.0059832712237052575,0.15308918082364062
2.123097819731563,0.5263618814610855,0.00968380041515592,0.18641747082464905
2.142742601987196,0.5314545669220754,0.008329885307792596,0.1891918706049479
2.162569155175043,0.5357033067394378,0.012050558981747382,0.2005460530923155
2.182579161200828,0.5334728529374232,0.006120618168948773,0.17613251943599545
2.202774317532765,0.5347028633775556,0.009259214565069781,0.1865274326543981
2.223156337345543,0.5342241495643939,0.004915216631692196,0.17543980548268878
2.24372694966566,0.5330415482699516,0.004388809075381085,0.17188117091105787
2.264487899518102,0.5330721691443966,0.0017469773474026364,0.17402623429442152
2.285440948074374,0.5341715364599581,0.004261395583250578,0.17558529443898274
2.306587872801895,0.53247597001585,0.005610582842248626,0.16218437496432692
2.327930467614792,0.5329403427946128,0.005154468997963039,0.1656829767685027
2.349470543026076,0.536604181553268,0.006550700353325632,0.16441000185045687
2.371209926301222,0.5393787900412528,0.00536983365623139,0.1801512078225434
2.39315046161319,0.534651258901783,0.004963820525192411,0.17425740257887978
2.415294010198862,0.5282347110694281,0.008683156748011438,0.16575857217342482
2.43764245051693,0.5250803089290397,0.007506546501733061,0.16370239890308502
2.460197678407253,0.52645609529365,0.0027679669198428826,0.1577885682313988
2.48296160725168,0.5244865202916464,0.009121803296639214,0.162179666265126
2.50593616813636,0.521308231059469,0.009343738118238916,0.15975105912920182
2.529123310015569,0.5200730271572933,0.0042588994485400315,0.15338833659722734
2.552524999877031,0.5241635915475464,0.006490601043581259,0.1650115697275147
2.576143222908781,0.5294011773426957,0.0055775517053798015,0.1690613837516467
2.599979982667578,0.532092329573858,0.0056561474269294,0.16791369610645163
2.624037301248862,0.5325719100941201,0.00777851084851957,0.17173439423502124
2.648317219458287,0.5330306647638219,0.0035077198609391545,0.1705283960745711
2.672821796984856,0.5305207162550304,0.004939487341933807,0.17174114047300082
2.697553112575638,0.524418777491369,0.006385820183800801,0.16352709494498718
2.722513264212105,0.5204270146939096,0.004781059273261539,0.1604832801602577
2.747704369288121,0.5197591595154462,0.005613340731873051,0.15824171216053684
2.773128564789553,0.522240485625995,0.0038450848602446103,0.16905296255698565
2.79878800747555,0.5244483922532728,0.008828720392037928,0.17504436754951205
2.824684874061511,0.5242102883491334,0.003679610622268535,0.17583613652783317
2.850821361403735,0.5225508821165129,0.009676064334154875,0.18284366961376874
2.877199686685783,0.5236890839095022,0.006339151084762899,0.17613927223759687
2.903822087606558,0.5206338358347817,0.014323725486403184,0.188296917763493
2.930690822570141,0.5139238541957325,0.01499882669596908,0.18145513359525667
2.957808170877368,0.5095477216924533,0.012061627767348732,0.17251231284085267
2.985176432919183,0.5080698072781504,0.006851977267894764,0.15571841997759323
3.012797930371785,0.5097981204421578,0.007400389310683403,0.1575951117831747
3.040675006393589,0.5105255843299168,0.010392362016427834,0.16250040704187124
3.068810025823968,0.5120345257883411,0.0076013190445845535,0.15241109951341011
3.097205375383905,0.5186035946610129,0.005638634800015779,0.1543860840915833
3.125863463878428,0.5250672572100603,0.006132461062151019,0.17276642802420328
3.154786722400965,0.5294162115443389,0.003407320685113728,0.16461604426261883
3.183977604539577,0.5284176760823134,0.006617029925478057,0.16854433541604663
3.213438586585098,0.5258764604382907,0.004100261274416471,0.16757507776728997
3.24317216774119,0.5241324511652159,0.010315762636210896,0.16087929787059718
3.273180870336373,0.5265866263199219,0.01127213346901238,0.160353953253079
3.303467240037979,0.5239265432011158,0.0077554795555720805,0.15084579050335495
3.334033846068108,0.5246092572040253,0.011734457327981628,0.1505617790511297
3.364883281421586,0.5232893239758774,0.011804337130737991,0.14321198952474795
3.396018163085921,0.5215583749926094,0.00606795395193397,0.1510661455626486
3.427441132263306,0.5209336745730213,0.0063704134352650325,0.16802485932334535
3.459154854594679,0.5210207427231419,0.006170642066443285,0.17614578384248544
3.491162020385856,0.5214305713244276,0.005411575241195045,0.17141270420928492
3.523465344835733,0.5226327777023412,0.014217508627073154,0.18526930793678809
3.556067568266644,0.5192463221715772,0.004276923690337737,0.16439511706837176
3.588971456356807,0.5162345012554022,0.007913201068414845,0.1620233456944647
3.622179800374949,0.513209996341407,0.012148850001968164,0.165451380825544
3.655695417417084,0.5182311257828472,0.006952738474405515,0.155100271743004
3.689521150645501,0.5229197936774457,0.004833325805507091,0.15815734762055117
3.723659869529944,0.5206152198174796,0.01015844070602154,0.15994612814397235
3.758114470091026,0.5163682185433748,0.009296835732841173,0.16594242308598978
3.792887875145916,0.5146955311171812,0.008917978805942813,0.15475643256886412
3.827983034556279,0.5136506334950098,0.012192053184067651,0.15315826387586126
3.863402925478509,0.5126090528017223,0.007985300890611495,0.15976152912891795
3.899150552616289,0.5147984949932101,0.008967218159713866,0.16638116727213875
3.935228948475492,0.5188131690346027,0.005730924480075568,0.1567447704734982
3.971641173621404,0.5234945527412005,0.00702378922196456,0.1681681319264862
4.008390316938392,0.528411488031745,0.007283755320119505,0.18456671811721886
4.04547949589191,0.5323504581960918,0.007054360051222802,0.19891425249434908
4.082911856792959,0.5363412847767633,0.005985445056494235,0.20570996139519698
4.120690575065007,0.5372770181765653,0.009322451366803026,0.2174121015850287
4.158818855513354,0.5387743230579336,0.004044460680154915,0.19952936017395914
4.197299932596984,0.5403999775620926,0.005504003622720266,0.2041018927595417
4.236137070702979,0.5394844128551857,0.005346159410566202,0.188005950120453
4.275333564423415,0.537896691544938,0.006338256931253672,0.18998867488653848
4.314892738834851,0.5353895996537902,0.0054915209121783465,0.18464728395052854
4.3548179497804,0.532887503225456,0.002463255012449892,0.1865199247682835
4.395112584154419,0.5324434796710483,0.0039639889299872035,0.19534489133610522
4.435780060189803,0.525967713068213,0.007446893171126486,0.18740319127538815
4.476823827747965,0.5216675410103978,0.003976315942243645,0.1679406839485384
4.518247368611506,0.5212507029420365,0.005768076757621938,0.17062351670458667
4.560054196779546,0.5256547618980719,0.006232167245265447,0.17210336125162895
4.602247858765853,0.5260581549489354,0.0074643205857608365,0.15976775984236158
4.644831933899681,0.5239996969607251,0.012453938729207234,0.13363228229871366
4.6878100346294,0.5228542069668624,0.008950075768511132,0.14410939337775214
4.731185806828961,0.5204324607941109,0.015421342616007826,0.1529561320830189
4.774962930107179,0.5244692754531753,0.011908451122197556,0.15561919253409037
4.81914511811985,0.52840711649856,0.008326137721476815,0.15995697371678497
4.863736118884822,0.527102419820389,0.012357567043880394,0.15694918021327067
4.908739715099916,0.5206137126619709,0.021435244801286897,0.15613783020706135
4.954159724463837,0.5147882823377652,0.006873679434580157,0.13927683975412705
4.999999999999996,0.5168224782789491,0.005705470680057608,0.1495436375213788
5.046264430383419,0.5154464054373685,0.010041270470515666,0.15265809480331166
5.092956940270582,0.5159316773430486,0.007450779924503447,0.14540480261301825
5.140081490632363,0.5193167585476081,0.01166907354573354,0.13819061807128982
5.187642079090057,0.5145126384587008,0.014565683226391686,0.1294119579275211
5.235642740254494,0.5173810961985893,0.008142468491647605,0.1518773032264469
5.284087546068289,0.5179171048288689,0.008216414967418408,0.14632144014025716
5.332980606151283,0.5131379748802803,0.00843275355903858,0.13716311921820012
5.382326068149172,0.5065780372278994,0.014993079731263133,0.1294210964411257
5.432128118085323,0.5057278537916063,0.014732300319770117,0.12183662114401901
5.482390980715921,0.5061856338523442,0.017760307664596978,0.12334920928069568
5.533118919888328,0.5025889294126368,0.016136323922222015,0.12299492055184097
5.584316238902803,0.49828371240556957,0.018753142709580575,0.11056304067153325
5.635987280877546,0.49667273099206627,0.021725109888898926,0.11021740172625565
5.688136429117154,0.49715653371874075,0.01680882246260093,0.10804317356277214
5.740768107484411,0.4925994119435956,0.019575721412151983,0.1022725354014552
5.793886780775627,0.4865516615648045,0.027088021386061673,0.09451370514739883
5.847496955099354,0.49235811413324465,0.02519760665243135,0.09709292307015037
5.901603178258642,0.4971876114358528,0.021068952525221396,0.10862294940834688
5.956210040136868,0.504357138008498,0.019840955253443315,0.11970517664179356
6.011322173087062,0.503342857458251,0.02563142530327489,0.13205128931607177
6.066944252324883,0.5014303687502792,0.013904878022085156,0.11812563772926696
6.123080996325237,0.5000426360234508,0.015615539352613117,0.11192946118126501
6.179737167222551,0.5001601995412671,0.01946676194283558,0.11204357501390111
6.23691757121471,0.4969975148690874,0.0257981741919458,0.10736157817362957
6.294627058970832,0.49692024005565305,0.02636150019251679,0.10228129055231851
6.352870526042706,0.49446759521392575,0.027454424845395314,0.09972704486962615
6.411652913280105,0.4937917866507729,0.032856860055918424,0.10365123315328756
6.470979207249925,0.49350732078945286,0.03204539959632384,0.10334695633778898
6.530854440659201,0.49088262712765335,0.03153361945761729,0.09636658038328016
6.591283692782033,0.48975999159003053,0.03214971451997921,0.08447879426015034
6.652272089890452,0.4899837166167087,0.03812818979331246,0.08875442894989362
6.713824805689313,0.49189423491315043,0.024016442437139275,0.09860990137450727
6.775947061755175,0.4900515132871121,0.022407236966062886,0.099474285918593
6.838644127979239,0.48453887470932006,0.030450948051670285,0.08989330784197537
6.901921323014415,0.48377057956020847,0.036095217970008614,0.09404740988026677
6.965784014726514,0.48526419927471187,0.030212234488933898,0.09737019212137449
7.030237620649563,0.4880983620326315,0.025742892173618595,0.09983444993314926
7.095287608445455,0.4884724716927014,0.02600135126559444,0.10003477829955348
7.160939496367713,0.49114290036233055,0.02372557477444101,0.09945032139350529
7.227198853729633,0.49310794972101885,0.023872885190997825,0.09830455373029559
7.294071301376734,0.496133263240596,0.028454121802482205,0.11199038291760656
7.361562512163592,0.4991747407596411,0.022385216618315093,0.11380406168744289
7.429678211435029,0.4972762261503858,0.025934572039084836,0.12242371518804762
7.498424177511861,0.49075838861487875,0.02300797002204623,0.10536368250939071
7.567806242181039,0.48290285780314773,0.02694701372812522,0.09296227044687948
7.637830291190361,0.4786253285144039,0.033982939752624536,0.08982924225707759
7.708502264747791,0.47963774630966677,0.03397403773898097,0.09247225083296032
7.779828158025366,0.4802168046539025,0.03402175881306206,0.09290072008113323
7.851814021667757,0.4833337483637077,0.029639913304602472,0.0963428352122512
7.924465962305558,0.48357388354844005,0.03316998813476285,0.08831464976024778
7.997790143073343,0.4825702469543075,0.03898662230351675,0.08507105452537947
8.07179278413243,0.4810150502728948,0.0394711465602772,0.08082292276748379
8.14648016319861,0.47740928407883637,0.03589463931654591,0.07815173710718909
8.22185861607465,0.4765001092449871,0.03674895817363237,0.07672034937563008
8.2979345371878,0.47701821759370383,0.03309490740408326,0.09087750185220712
8.37471438013218,0.47879725673041573,0.03492590225313659,0.08094106849419344
8.45220465821632,0.4795048740044685,0.04177269713607863,0.08447441757184238
8.53041194501561,0.4824629747038583,0.03505304634099202,0.09204781595738348
8.60934287493003,0.48416640001199357,0.029897445652857235,0.0980576649826313
8.68900414374687,0.4861556654045521,0.028875461991332535,0.0959052870507007
8.7694025092088,0.4840768006712943,0.0366408505415937,0.10755565678397427
8.8505447915871,0.48295723368600973,0.028738076072094276,0.09700536762256576
8.93243787426025,0.4831460906647539,0.0346486731952787,0.09635665620727768
9.01508870429784,0.48435831460540735,0.028729911788773363,0.1027535175780199
9.09850429304991,0.4844223275590846,0.03298388310305389,0.10410887094889844
9.18269171674172,0.4828499973360654,0.029633406352428268,0.0971817743632618
9.26765811707405,0.48309428272896604,0.029788344230259528,0.1002102546195811
9.353410701829,0.48416388794530607,0.030294525181299062,0.09514350908372193
9.43995674548146,0.4812112329090157,0.027996980768749832,0.09609051168944158
9.52730358981623,0.4772139178209846,0.03371028191039574,0.08829972166565829
9.61545864455079,0.47453812424053726,0.03775553420377677,0.08657483265804805
9.70442938796388,0.47334412247270624,0.04286011487834994,0.07780730349205306
9.79422336752994,0.4703045161992461,0.03980767759361191,0.0829213902577926
9.8848482005593,0.4676986569152369,0.04183682806502384,0.09403642112936855
9.97631157484439,0.46709695956838143,0.04317745128858898,0.09270858235576786
10.06862124931194,0.4656527965350078,0.047613921680820404,0.08670026521841338
10.1617850546811,0.4669245470998857,0.046618401794748215,0.08302604165844138
10.25581089412782,0.4707043764636807,0.043935629923510286,0.08837891698912832
10.3507067439552,0.4710614508449459,0.049774801466847915,0.08439534050163339
10.44648065427019,0.46987847635850505,0.04449950328203561,0.07848875414176731
10.54314074966644,0.46709814859409704,0.049905932960135346,0.06891047146270857
10.64069522991355,0.46451272388768783,0.050382110967455596,0.06776133982159983
10.73915237065266,0.4637660795508446,0.052272748041946024,0.06988594860819979
10.83852052409846,0.45962273913759516,0.05456438252208812,0.06685958914471903
10.93880811974776,0.4575463617358653,0.06018264118221865,0.07035001005977995
11.04002366509449,0.4574925023635986,0.05560371692425006,0.07373077271148196
11.14217574635151,0.4572645166017262,0.05502732270770777,0.07852491923333337
11.24527302917889,0.4562958996012745,0.05816348959286702,0.08021094388441247
11.3493242594191,0.4570102987538412,0.06093556350870685,0.07318584002387087
11.45433826383885,0.4585490488109521,0.06129890410687233,0.07012351046891972
11.56032395087796,0.4589360832013891,0.05535300574178306,0.07041897721620506
11.66729031140501,0.46081312245932265,0.051828612996283024,0.07091283448538535
11.77524641948004,0.4595194729537997,0.05465977981165791,0.0705226222925007
11.88420143312437,0.4564065899332127,0.06295700970076702,0.06103241761436065
11.99416459509744,0.4551108443072944,0.06130911908072553,0.0642178494257214
12.10514523368088,0.4548918721924089,0.06650173487454941,0.07290678705364252
12.21715276346984,0.45385480244696197,0.06720040435733185,0.06618153662600623
12.33019668617169,0.4518657777757207,0.07041185231098768,0.06229088586551589
12.44428659141194,0.4487729415711564,0.07467310776863631,0.0531492833640519
12.55943215754789,0.4456243497795379,0.07512039487019972,0.05044308913269632
12.67564315248953,0.4416285755533487,0.08340907119812842,0.05078512142305244
12.79292943452822,0.4381912297087667,0.09201565662709107,0.04825090479655331
12.91130095317296,0.4364824995112518,0.08910738831849802,0.05051535562217472
13.03076774999447,0.4346050357663637,0.09369867234059236,0.04974419485390037
13.1513399594769,0.4321250380766929,0.10016600340875334,0.04765132921975806
13.27302780987769,0.4301841368393687,0.10357702611648961,0.04805726321151484
13.39584162409515,0.42962152851395824,0.10855265311301768,0.04321735228819131
13.51979182054422,0.4263911779734847,0.11250845271856999,0.03980367719259674
13.64488891404019,0.4225003594322824,0.12094586108950917,0.03334426146123246
13.77114351669082,0.42078531974685274,0.13170790290252432,0.03286175900676727
13.89856633879643,0.41842922342561084,0.13594123174823208,0.02973237676557404
14.02716818975855,0.4165752627865928,0.14492502959762865,0.02736941929706746
14.15695997899689,0.4166443258425575,0.14142460817208524,0.03086880622182135
14.28795271687472,0.41572881777508924,0.15001022079667953,0.029371167727726577
14.42015751563302,0.4149836581135607,0.14954243767871656,0.03066586697621696
14.55358559033302,0.41452963356093264,0.14622927819181328,0.02860102039999708
14.68824825980764,0.4142626268798326,0.14529769552803634,0.026844145616368935
14.82415694762169,0.4145799626773562,0.1462803551439507,0.0218272929123687
14.96132318304093,0.41449758081916455,0.1427079939644479,0.02734987615420593
15.09975860201007,0.41646220543270657,0.14883248286196668,0.022570536652025318
15.23947494813991,0.416242496574734,0.14922994168554343,0.022461300001344536
15.38048407370352,0.4164769276346665,0.14953863970347023,0.024972470624099075
15.52279794064178,0.4178955716484621,0.15229388407337408,0.025013661383285028
15.66642862157792,0.41756699006718306,0.15589814418864506,0.02532973406061392
15.81138830084189,0.4164859870320454,0.16153986324690048,0.02268753233166881
15.9576892755038,0.4167158510126504,0.16084771298914757,0.018897054594215982
16.10534395641715,0.41690161154114,0.1663001340045102,0.015788846043625272
16.2543648692717,0.41814753017076495,0.1630392198885754,0.014514442445798012
16.40476465565594,0.4155312642820566,0.1689974269319029,0.019456927314683865
16.55655607412954,0.4141785470939013,0.1656866271188212,0.021250802636461834
16.7097520013057,0.4141182480776279,0.17049403848551342,0.01914993777876204
16.86436543294343,0.41339604728620816,0.17417993852290203,0.014134954702675707
17.02040948505002,0.4123595207154599,0.17666663398654767,0.01454440240141608
17.17789739499371,0.4114787717862405,0.1787862771613313,0.014744944748760841
17.33684252262657,0.40947284313018323,0.1838694857826073,0.013227122449098546
17.49725835141786,0.4097753882809187,0.17864532441380876,0.011714106636508183
17.65915848959783,0.40947069277600506,0.1816106460694913,0.007614327064001333
17.82255667131221,0.4091100110816523,0.18214543162959704,0.00727297993820137
17.98746675778711,0.40966387173724245,0.17689313175235993,0.00831080242865961
18.15390273850505,0.409243059834133,0.18055404774890454,0.007908204012244742
18.32187873239165,0.4058672063918103,0.1890452228635681,0.006735280459042679
18.49140898901329,0.4025064669716697,0.19886079523683012,0.008935039400800477
18.66250788978601,0.40055962856868466,0.20241112806539924,0.00688443111020191
18.83518994919543,0.4010734276675743,0.2079852509474511,0.00971502190705815
19.00946981602805,0.400130515454022,0.2173565691289176,0.019178163329727556
19.18536227461392,0.3999258523812979,0.2066305654678128,0.01588719228412588
19.36288224608085,0.40284676923729595,0.20715691574474643,0.015283909286053152
19.54204478962008,0.40211025111035675,0.19882665499917107,0.013312446873212652
19.7228651037639,0.40137078560638817,0.19530065158865217,0.011841560083201072
19.90535852767484,0.40240083098935453,0.2081035255136748,0.011519662285668869
20.08954054244699,0.39881346048254146,0.21603324670909857,0.010980054565246113
20.27542677241917,0.39720751182982195,0.22057590174124153,0.009944577333042996
20.46303298650053,0.3963146706500216,0.21849146909521844,0.009375570069949414
20.65237509950805,0.3974702546729611,0.22181757279330114,0.007978774432183745
20.84346917351675,0.398799328505505,0.2220355025474775,0.009004495933732887
21.03633141922219,0.39837951884189743,0.22644580880340753,0.004662486898479576
21.23097819731563,0.3967769352893877,0.22729234139143573,0.007457369965650201
21.42742601987196,0.39633946620190574,0.23066401939088213,0.006871228559288145
21.62569155175042,0.39608089133167595,0.23593197157259263,0.009185945625877929
21.82579161200829,0.39403169317126024,0.23870362636680653,0.00639858407224142
22.02774317532765,0.39361337482176245,0.24680236501105354,0.006444542280114766
22.23156337345542,0.39088433246471865,0.24404509979988576,0.00814057281335946
22.43726949665659,0.38826576809189234,0.24663054723414574,0.009223799613214644
22.64487899518102,0.3865248609067486,0.24350247317485726,0.009702372896954841
22.85440948074372,0.3849925347735053,0.25463350645080657,0.014156656529254772
23.06587872801896,0.3834104433650043,0.25534800337088376,0.01129516434518124
23.27930467614792,0.38116969618827284,0.2750763709771753,0.017146442170615898
23.49470543026075,0.3809770568296734,0.2736370595117414,0.013546913355929356
23.71209926301221,0.3814210242475504,0.2748675375874845,0.010806882323062206
23.9315046161319,0.38136094649817753,0.2728260377921319,0.008158971219655857
24.15294010198862,0.37973276059370215,0.27184912034677955,0.005156202668965626
24.3764245051693,0.3785227939981323,0.26686657542476866,0.008656813007310624
24.60197678407253,0.37839927104524185,0.2637836498712526,0.010228935491939779
24.82961607251679,0.37885722508664094,0.26580945347073587,0.014459277806709227
25.05936168136361,0.37797749015194754,0.26262329198811984,0.013655525228658531
25.29123310015568,0.37862555740546083,0.26088299703337664,0.010734139436411504
25.5252499987703,0.37755912717542156,0.2639869989348873,0.0119608409491503
25.76143222908779,0.37541952099476283,0.26805197261022373,0.01600456822466774
25.99979982667578,0.3735158298512354,0.27333138092205905,0.01628827081933279
26.2403730124886,0.37107106036544174,0.27936081881443314,0.018084613951973433
26.48317219458286,0.36887427124288663,0.2817514325915719,0.0175128271021868
26.72821796984857,0.3671163608082951,0.29785464219052865,0.020032029808488883
26.97553112575636,0.365583927068602,0.3037265411873813,0.02126138896140706
27.22513264212103,0.36478233714652575,0.3057069814547828,0.021539094559804014
27.47704369288121,0.365288612060932,0.301903762755658,0.015450590995887567
27.73128564789552,0.36729122995253227,0.29416580581317503,0.015163160319360183
27.98788007475548,0.3691809410650168,0.28973853839555685,0.01686442563915067
28.24684874061511,0.37121200599125315,0.29040833933329213,0.016845155204886927
28.50821361403734,0.3736342680879042,0.2785969859952686,0.010777406640699868
28.77199686685782,0.37769062548664484,0.2738329913416677,0.01036342741338558
29.03822087606558,0.37945732050619985,0.2742501735963958,0.00871354366559024
29.30690822570142,0.3796704403044629,0.27097716941812955,0.008169083207290932
29.57808170877366,0.3783423235040449,0.2741236248449874,0.009784882614646025
29.85176432919183,0.37612143121884684,0.27950329014403186,0.010738998336292424
30.12797930371785,0.3741964550858976,0.2971792334169472,0.009212005676374719
30.40675006393586,0.37314667351675546,0.30504284967806006,0.011008107910090896
30.68810025823969,0.37118195685439437,0.311380150087289,0.013613532638552948
30.97205375383906,0.3691305997814399,0.3108094676687645,0.01113477105623034
31.25863463878426,0.37157722302238944,0.3085218920042393,0.010276684467387406
31.54786722400964,0.3702226415090011,0.32080078361064523,0.012657504348333862
31.83977604539577,0.3687072342069288,0.3323261234484345,0.013646380844819513
32.13438586585095,0.36867224160294004,0.3355000313034039,0.012427361838385413
32.4317216774119,0.369846305396621,0.3442940700779461,0.014419325279029338
32.73180870336371,0.36938630929514144,0.3467226287336806,0.010058287052963268
33.03467240037977,0.3682238611190964,0.349145827598823,0.011845873850809782
33.34033846068109,0.3683259628722118,0.35306654062386844,0.01464630070357817
33.64883281421587,0.3691915087029233,0.36399691969324466,0.018245000476703264
33.9601816308592,0.3699771331097199,0.3625184326546117,0.018812728784689477
34.27441132263304,0.3700882137422694,0.3614777121790913,0.020246883462691462
34.59154854594679,0.36994007219695196,0.3631594427963889,0.023215586238342873
34.91162020385853,0.36922970911260455,0.36333769888078676,0.02184057243117949
35.23465344835729,0.3697992278895035,0.36830746793001135,0.02670705891895888
35.56067568266644,0.3719546811820649,0.36836083840868705,0.02807396239779425
35.88971456356806,0.3735553410678055,0.3586120155332041,0.024085453751629647
36.22179800374947,0.37272054770439456,0.3597771669029577,0.02206212369622787
36.55695417417084,0.3711170125750876,0.36174640095917504,0.022946127731148444
36.89521150645501,0.37135888612963824,0.3612068079611349,0.02240544668014049
37.2365986952994,0.37362037163192224,0.3557723975869016,0.0220724475509166
37.58114470091024,0.37505214663114345,0.35388503791196124,0.0193143852220339
37.92887875145915,0.37428729874294364,0.35779423336504895,0.019009811027738223
38.27983034556278,0.37459295355649613,0.3586673805471594,0.019024053407307333
38.6340292547851,0.37499881256325357,0.36343956350514584,0.020991756298034875
38.9915055261629,0.3742040947672567,0.3690404171163781,0.021793495527039786
39.3522894847549,0.37399308506872453,0.37055268395122976,0.02157463631923754
39.71641173621404,0.3741746720089938,0.37665700441583216,0.022659587009919407
40.08390316938392,0.3746565056553921,0.37745958994929624,0.02345978266761926
40.45479495891906,0.37472195840309097,0.3786253033454786,0.025660268257399723
40.8291185679296,0.37498076085533744,0.3810693489908263,0.02547564285808103
41.20690575065008,0.37411019439991355,0.3856879554579039,0.02697547178423762
41.58818855513352,0.37314618406077,0.40135810354213763,0.03456998734445693
41.97299932596984,0.3723488128235735,0.40399929329763384,0.03533026257404626
42.36137070702979,0.3724532890905229,0.40404406083139754,0.03599101075803667
42.75333564423411,0.37270539190044205,0.4041432396808564,0.03561639903068014
43.14892738834848,0.3725450703847796,0.4053437364498881,0.03653545839035127
43.548179497804,0.37208623669026064,0.40430986934912977,0.03750542047794598
43.95112584154418,0.37179682450220813,0.4071250360345834,0.03751173853675256
44.35780060189804,0.37148754124347166,0.40685065251249164,0.029930505323922694
44.76823827747966,0.3707775725724011,0.4128185494602395,0.031150599542095925
45.18247368611504,0.3700885597707948,0.41449499264961037,0.030243797766077416
45.60054196779543,0.3693712607347677,0.41695933306613453,0.043897141031430754
46.02247858765853,0.3684184285252633,0.4218841376281215,0.03406788993646792
46.44831933899676,0.3672655271980107,0.42722061359757296,0.03527590999969967
46.87810034629395,0.3659230011593072,0.42742524286190176,0.03417478055156864
47.31185806828962,0.364481573702236,0.4323392078445141,0.03436166926317207
47.74962930107177,0.3630808633202989,0.4378372215556917,0.03568767174883549
48.19145118119847,0.3616844367310608,0.44501442262935687,0.03784356066863585
48.63736118884822,0.36026687404651336,0.4454563653041541,0.03664088401841677
49.08739715099916,0.3588873587086681,0.4520520679488903,0.03882976445783886
49.54159724463832,0.3575444899884714,0.45229095089236915,0.03657364511328643
49.99999999999996,0.3559857509779625,0.4548178097625192,0.036735455569389244
51,0.35264056584341064,0.46313014818306164,0.03721509655998686
52.10272681428254,0.3488407666200302,0.4742956794011699,0.038687402092989924
53.22929689183838,0.3448615293597761,0.4807782457543638,0.04120251358360609
54.38022577395675,0.34066313749725613,0.5018978376543564,0.04253439788704354
55.55604014900933,0.33632794785220754,0.5164364594474369,0.04586915167216614
56.75727809347345,0.332287933203673,0.518105663128808,0.04300164391014325
57.98448931816687,0.3282573918319434,0.5253140708658717,0.0456723019321604
59.23823541980651,0.32435847005767476,0.5419139715716101,0.047537896514225665
60.5190901380066,0.32058079599795586,0.5686594971149428,0.05786757843918515
61.82763961783332,0.3170246749340042,0.5793531002047452,0.059014449411012804
63.16448267803688,0.31356352923783887,0.5893719172995666,0.059917414940268254
64.53023108508309,0.310174488663977,0.6055598253130519,0.06645107664443331
65.92550983310996,0.30697828220698736,0.6138147046043133,0.0664422610854875
67.35095742993778,0.30403529222057607,0.6419804124241788,0.07229496136932342
68.80722618926316,0.3011689842816403,0.660714761425512,0.07923884745731499
70.29498252917108,0.29846996855036273,0.6685269924029518,0.08014079157712609
71.8149072771013,0.29569864034085025,0.6741325737098975,0.08118729165725466
73.36769598140863,0.2930115178467208,0.701013697633543,0.08328195701590324
74.9540592296602,0.2903498681772964,0.7142122788587567,0.08743428470689901
76.57472297381449,0.2876088933308307,0.7228796766321479,0.0883510229664765
78.2304288624318,0.28502346917607074,0.7425397301941121,0.09462006663574252
79.92193458006761,0.28286344398032187,0.7572848140300402,0.10119767801080448
81.6500141940044,0.2808508592073595,0.7931186630676395,0.11372638003974957
83.4154585084804,0.2792705964019027,0.7713386389827401,0.10488512118070141
85.219075426578,0.2779976418411055,0.8074874610596401,0.11914088318806369
87.0616903199359,0.2769332453998241,0.7837434973499366,0.11066400269024888
88.9441464064566,0.27573919346528303,0.7976495234090769,0.11539076521737193
90.8673051361797,0.2734361972407989,0.8130261865377582,0.12365697079884568
92.8320465854984,0.27119472409617584,0.8261493611234314,0.13042999480583922
94.8392698599015,0.2689983119947916,0.8509355143625089,0.1384850078438602
96.8898935054209,0.26718205354618296,0.8639458408376952,0.1426520918620084
98.984855928978,0.2669068248618008,0.8663958408348258,0.14739304608907094
101.1251158278168,0.2652014044993807,0.8844496545215139,0.15901066897371552
103.3116526282239,0.26374807640384246,0.8925960225458449,0.15888483760491146
105.5454669337334,0.2614673981103337,0.913441355689347,0.16714421809662877
107.8275809830236,0.26122534862206176,0.9113275120591191,0.164949836693067
110.1590391177139,0.25970381332382997,0.9111219540415789,0.15994651439458404
112.5409082602767,0.25997977951860995,0.9161573535372317,0.165267038861414
114.9742784022829,0.2584521830709882,0.9298274057870088,0.17151617826909588
117.4602631032042,0.25759865395821374,0.9358390812636554,0.17503141891878055
120,0.2581189694853115,0.9378140256088547,0.17783777752830307
